{"cameraMode":{"drawMode":0,"name":"Shaded","section":"Shading Mode"},"sceneLighting":false,"audioPlay":false,"sceneViewState":{"m_AlwaysRefresh":false,"showFog":true,"showSkybox":false,"showFlares":true,"showImageEffects":true,"showParticleSystems":true,"showVisualEffectGraphs":true,"m_FxEnabled":true},"in2DMode":false,"pivot":{"x":-0.6687585115432739,"y":0.3999931812286377,"z":0.4928886890411377},"rotation":{"x":0.06518340855836868,"y":0.9331997036933899,"z":-0.27676114439964297,"w":0.21978655457496644},"size":1.3210779428482056,"orthographic":false}