{"cameraMode":{"drawMode":0,"name":"Shaded","section":"Shading Mode"},"sceneLighting":true,"audioPlay":false,"sceneViewState":{"m_AlwaysRefresh":false,"showFog":true,"showSkybox":true,"showFlares":true,"showImageEffects":true,"showParticleSystems":true,"showVisualEffectGraphs":true,"m_FxEnabled":true},"in2DMode":false,"pivot":{"x":-0.5400000214576721,"y":0.8921228647232056,"z":-0.699999988079071},"rotation":{"x":-0.10988190770149231,"y":0.34203290939331057,"z":-0.040306948125362399,"w":-0.9323775768280029},"size":2.547872304916382,"orthographic":false}