{"Name":"Cube","Color":{"r":0.2564079463481903,"g":0.7312401533126831,"b":0.8113207221031189,"a":1.0},"Position":{"x":0.2199999988079071,"y":0.5400000214576721,"z":0.7200000286102295},"Size":{"x":0.5580599904060364,"y":0.5580599904060364,"z":0.5580599904060364}}