{"Name":"Cube (1)","Color":{"r":1.0,"g":1.0,"b":1.0,"a":1.0},"Position":{"x":3.020479440689087,"y":2.605318069458008,"z":-2.1513543128967287},"Size":{"x":0.28404998779296877,"y":0.28404998779296877,"z":0.28404998779296877}}