{"Name":"MainIsland","Color":{"r":0.358490526676178,"g":0.11547095328569412,"b":0.025364896282553674,"a":1.0},"Position":{"x":0.0,"y":0.0,"z":-0.05000000074505806},"Size":{"x":3.292173385620117,"y":0.41839975118637087,"z":3.424718141555786}}