{"Name":"MiniIsland","Color":{"r":0.9528301358222961,"g":0.0,"b":0.0,"a":1.0},"Position":{"x":2.0190000534057619,"y":-0.0010000000474974514,"z":-0.05000000074505806},"Size":{"x":1.6043403148651124,"y":0.0903211161494255,"z":1.6689319610595704}}