{"Name":"MiniIsland2","Color":{"r":0.4013916850090027,"g":0.8301886916160584,"b":0.35635456442832949,"a":1.0},"Position":{"x":-0.4300000071525574,"y":-0.0010000000474974514,"z":1.5169999599456788},"Size":{"x":1.6043403148651124,"y":0.0903211161494255,"z":1.6689319610595704}}