{"Name":"Plane","Color":{"r":0.2564079463481903,"g":0.7312401533126831,"b":0.8113207221031189,"a":1.0},"Position":{"x":-8.145899772644043,"y":-3.3087000846862795,"z":10.09469985961914},"Size":{"x":5.619473457336426,"y":1.0,"z":7.508884429931641}}