{"Name":"Tree","Color":{"r":0.35849055647850039,"g":0.1154709979891777,"b":0.025364896282553674,"a":1.0},"Position":{"x":-0.5600000023841858,"y":0.5699999928474426,"z":-0.6800000071525574},"Size":{"x":0.3303399980068207,"y":1.0,"z":0.3196899890899658}}