{"cameraMode":{"drawMode":0,"name":"Shaded","section":"Shading Mode"},"sceneLighting":false,"audioPlay":false,"sceneViewState":{"m_AlwaysRefresh":false,"showFog":true,"showSkybox":false,"showFlares":true,"showImageEffects":true,"showParticleSystems":true,"showVisualEffectGraphs":true,"m_FxEnabled":true},"in2DMode":false,"pivot":{"x":0.5367701053619385,"y":0.5607563257217407,"z":-1.4073759317398072},"rotation":{"x":-0.13035717606544496,"y":0.8327836394309998,"z":-0.22136808931827546,"w":-0.4904024302959442},"size":1.2182660102844239,"orthographic":false}