{"cameraMode":{"drawMode":0,"name":"Shaded","section":"Shading Mode"},"sceneLighting":false,"audioPlay":false,"sceneViewState":{"m_AlwaysRefresh":false,"showFog":true,"showSkybox":false,"showFlares":true,"showImageEffects":true,"showParticleSystems":true,"showVisualEffectGraphs":true,"m_FxEnabled":true},"in2DMode":false,"pivot":{"x":1.2224644422531129,"y":0.5972751975059509,"z":0.842572808265686},"rotation":{"x":-0.01727130077779293,"y":0.932796061038971,"z":-0.04509629309177399,"w":-0.35718634724617007},"size":1.1896331310272217,"orthographic":true}